{
	"start":	{
		"connected":	[{
				"socket":	7,
				"local_host":	"10.0.0.1",
				"local_port":	50734,
				"remote_host":	"10.0.0.2",
				"remote_port":	5201
			}],
		"version":	"iperf 3.7",
		"system_info":	"Linux mininet-vm 5.4.0-42-generic #46-Ubuntu SMP Fri Jul 10 00:24:02 UTC 2020 x86_64",
		"timestamp":	{
			"time":	"Wed, 20 Nov 2024 14:30:32 GMT",
			"timesecs":	1732113032
		},
		"connecting_to":	{
			"host":	"10.0.0.2",
			"port":	5201
		},
		"cookie":	"423nyjdeqk4o75sq7rz2i7xz6axedvlqe4oh",
		"tcp_mss_default":	1448,
		"sock_bufsize":	0,
		"sndbuf_actual":	87380,
		"rcvbuf_actual":	87380,
		"test_start":	{
			"protocol":	"TCP",
			"num_streams":	1,
			"blksize":	131072,
			"omit":	0,
			"duration":	10,
			"bytes":	0,
			"blocks":	0,
			"reverse":	0,
			"tos":	0
		}
	},
	"intervals":	[{
			"streams":	[{
					"socket":	7,
					"start":	0,
					"end":	1.000211,
					"seconds":	1.0002110004425049,
					"bytes":	4660473688,
					"bits_per_second":	37275924267.484779,
					"retransmits":	0,
					"snd_cwnd":	8492520,
					"rtt":	25,
					"rttvar":	24,
					"pmtu":	1500,
					"omitted":	false,
					"sender":	true
				}],
			"sum":	{
				"start":	0,
				"end":	1.000211,
				"seconds":	1.0002110004425049,
				"bytes":	4660473688,
				"bits_per_second":	37275924267.484779,
				"retransmits":	0,
				"omitted":	false,
				"sender":	true
			}
		}, {
			"streams":	[{
					"socket":	7,
					"start":	1.000211,
					"end":	2.000111,
					"seconds":	0.99989998340606689,
					"bytes":	4629463040,
					"bits_per_second":	37039408875.517021,
					"retransmits":	0,
					"snd_cwnd":	8492520,
					"rtt":	76,
					"rttvar":	98,
					"pmtu":	1500,
					"omitted":	false,
					"sender":	true
				}],
			"sum":	{
				"start":	1.000211,
				"end":	2.000111,
				"seconds":	0.99989998340606689,
				"bytes":	4629463040,
				"bits_per_second":	37039408875.517021,
				"retransmits":	0,
				"omitted":	false,
				"sender":	true
			}
		}, {
			"streams":	[{
					"socket":	7,
					"start":	2.000111,
					"end":	3.000013,
					"seconds":	0.99990200996398926,
					"bytes":	5096079360,
					"bits_per_second":	40772630191.500717,
					"retransmits":	0,
					"snd_cwnd":	8492520,
					"rtt":	71,
					"rttvar":	83,
					"pmtu":	1500,
					"omitted":	false,
					"sender":	true
				}],
			"sum":	{
				"start":	2.000111,
				"end":	3.000013,
				"seconds":	0.99990200996398926,
				"bytes":	5096079360,
				"bits_per_second":	40772630191.500717,
				"retransmits":	0,
				"omitted":	false,
				"sender":	true
			}
		}, {
			"streams":	[{
					"socket":	7,
					"start":	3.000013,
					"end":	4.00011,
					"seconds":	1.0000970363616943,
					"bytes":	5086904320,
					"bits_per_second":	40691286025.651405,
					"retransmits":	0,
					"snd_cwnd":	8492520,
					"rtt":	51,
					"rttvar":	36,
					"pmtu":	1500,
					"omitted":	false,
					"sender":	true
				}],
			"sum":	{
				"start":	3.000013,
				"end":	4.00011,
				"seconds":	1.0000970363616943,
				"bytes":	5086904320,
				"bits_per_second":	40691286025.651405,
				"retransmits":	0,
				"omitted":	false,
				"sender":	true
			}
		}, {
			"streams":	[{
					"socket":	7,
					"start":	4.00011,
					"end":	5.000084,
					"seconds":	0.99997401237487793,
					"bytes":	5046272000,
					"bits_per_second":	40371225152.264977,
					"retransmits":	0,
					"snd_cwnd":	8492520,
					"rtt":	25,
					"rttvar":	2,
					"pmtu":	1500,
					"omitted":	false,
					"sender":	true
				}],
			"sum":	{
				"start":	4.00011,
				"end":	5.000084,
				"seconds":	0.99997401237487793,
				"bytes":	5046272000,
				"bits_per_second":	40371225152.264977,
				"retransmits":	0,
				"omitted":	false,
				"sender":	true
			}
		}, {
			"streams":	[{
					"socket":	7,
					"start":	5.000084,
					"end":	6.000078,
					"seconds":	0.99999397993087769,
					"bytes":	5096079360,
					"bits_per_second":	40768880311.477516,
					"retransmits":	0,
					"snd_cwnd":	8492520,
					"rtt":	24,
					"rttvar":	4,
					"pmtu":	1500,
					"omitted":	false,
					"sender":	true
				}],
			"sum":	{
				"start":	5.000084,
				"end":	6.000078,
				"seconds":	0.99999397993087769,
				"bytes":	5096079360,
				"bits_per_second":	40768880311.477516,
				"retransmits":	0,
				"omitted":	false,
				"sender":	true
			}
		}, {
			"streams":	[{
					"socket":	7,
					"start":	6.000078,
					"end":	7.000157,
					"seconds":	1.0000790357589722,
					"bytes":	5118361600,
					"bits_per_second":	40943656787.010742,
					"retransmits":	0,
					"snd_cwnd":	8492520,
					"rtt":	32,
					"rttvar":	13,
					"pmtu":	1500,
					"omitted":	false,
					"sender":	true
				}],
			"sum":	{
				"start":	6.000078,
				"end":	7.000157,
				"seconds":	1.0000790357589722,
				"bytes":	5118361600,
				"bits_per_second":	40943656787.010742,
				"retransmits":	0,
				"omitted":	false,
				"sender":	true
			}
		}, {
			"streams":	[{
					"socket":	7,
					"start":	7.000157,
					"end":	8.00008,
					"seconds":	0.9999229907989502,
					"bytes":	5174722560,
					"bits_per_second":	41400968735.525009,
					"retransmits":	0,
					"snd_cwnd":	8492520,
					"rtt":	32,
					"rttvar":	18,
					"pmtu":	1500,
					"omitted":	false,
					"sender":	true
				}],
			"sum":	{
				"start":	7.000157,
				"end":	8.00008,
				"seconds":	0.9999229907989502,
				"bytes":	5174722560,
				"bits_per_second":	41400968735.525009,
				"retransmits":	0,
				"omitted":	false,
				"sender":	true
			}
		}, {
			"streams":	[{
					"socket":	7,
					"start":	8.00008,
					"end":	9.000133,
					"seconds":	1.00005304813385,
					"bytes":	5156372480,
					"bits_per_second":	41248791668.578407,
					"retransmits":	0,
					"snd_cwnd":	8492520,
					"rtt":	34,
					"rttvar":	19,
					"pmtu":	1500,
					"omitted":	false,
					"sender":	true
				}],
			"sum":	{
				"start":	8.00008,
				"end":	9.000133,
				"seconds":	1.00005304813385,
				"bytes":	5156372480,
				"bits_per_second":	41248791668.578407,
				"retransmits":	0,
				"omitted":	false,
				"sender":	true
			}
		}, {
			"streams":	[{
					"socket":	7,
					"start":	9.000133,
					"end":	10.000039,
					"seconds":	0.99990600347518921,
					"bytes":	5068554240,
					"bits_per_second":	40552245690.168152,
					"retransmits":	0,
					"snd_cwnd":	8492520,
					"rtt":	72,
					"rttvar":	88,
					"pmtu":	1500,
					"omitted":	false,
					"sender":	true
				}],
			"sum":	{
				"start":	9.000133,
				"end":	10.000039,
				"seconds":	0.99990600347518921,
				"bytes":	5068554240,
				"bits_per_second":	40552245690.168152,
				"retransmits":	0,
				"omitted":	false,
				"sender":	true
			}
		}],
	"end":	{
		"streams":	[{
				"sender":	{
					"socket":	7,
					"start":	0,
					"end":	10.000039,
					"seconds":	10.000039,
					"bytes":	50133282648,
					"bits_per_second":	40106469703.168159,
					"retransmits":	0,
					"max_snd_cwnd":	8492520,
					"max_rtt":	76,
					"min_rtt":	24,
					"mean_rtt":	44,
					"sender":	true
				},
				"receiver":	{
					"socket":	7,
					"start":	0,
					"end":	10.000685,
					"seconds":	10.000039,
					"bytes":	50105495384,
					"bits_per_second":	40081650714.126076,
					"sender":	true
				}
			}],
		"sum_sent":	{
			"start":	0,
			"end":	10.000039,
			"seconds":	10.000039,
			"bytes":	50133282648,
			"bits_per_second":	40106469703.168159,
			"retransmits":	0,
			"sender":	true
		},
		"sum_received":	{
			"start":	0,
			"end":	10.000685,
			"seconds":	10.000685,
			"bytes":	50105495384,
			"bits_per_second":	40081650714.126076,
			"sender":	true
		},
		"cpu_utilization_percent":	{
			"host_total":	41.872665201440313,
			"host_user":	0.43105433844730306,
			"host_system":	41.441610862993009,
			"remote_total":	5.7222376274631364,
			"remote_user":	0.091034352336912469,
			"remote_system":	5.6312032751262242
		},
		"sender_tcp_congestion":	"cubic",
		"receiver_tcp_congestion":	"cubic"
	}
}
