{
	"start":	{
		"connected":	[{
				"socket":	5,
				"local_host":	"10.0.0.1",
				"local_port":	40200,
				"remote_host":	"10.0.0.2",
				"remote_port":	5201
			}],
		"version":	"iperf 3.7",
		"system_info":	"Linux mininet-vm 5.4.0-42-generic #46-Ubuntu SMP Fri Jul 10 00:24:02 UTC 2020 x86_64",
		"timestamp":	{
			"time":	"Wed, 27 Nov 2024 11:01:43 GMT",
			"timesecs":	1732705303
		},
		"connecting_to":	{
			"host":	"10.0.0.2",
			"port":	5201
		},
		"cookie":	"jrthllby4dkz6tfuzo6gm2ircdhtkrws3tnz",
		"tcp_mss_default":	1448,
		"sock_bufsize":	0,
		"sndbuf_actual":	87380,
		"rcvbuf_actual":	87380,
		"test_start":	{
			"protocol":	"TCP",
			"num_streams":	1,
			"blksize":	131072,
			"omit":	0,
			"duration":	10,
			"bytes":	0,
			"blocks":	0,
			"reverse":	0,
			"tos":	0
		}
	},
	"intervals":	[{
			"streams":	[{
					"socket":	5,
					"start":	0,
					"end":	1.000993,
					"seconds":	1.000993013381958,
					"bytes":	275120,
					"bits_per_second":	2198776.5854267352,
					"retransmits":	0,
					"snd_cwnd":	57920,
					"rtt":	309629,
					"rttvar":	12757,
					"pmtu":	1500,
					"omitted":	false,
					"sender":	true
				}],
			"sum":	{
				"start":	0,
				"end":	1.000993,
				"seconds":	1.000993013381958,
				"bytes":	275120,
				"bits_per_second":	2198776.5854267352,
				"retransmits":	0,
				"omitted":	false,
				"sender":	true
			}
		}, {
			"streams":	[{
					"socket":	5,
					"start":	1.000993,
					"end":	2.000545,
					"seconds":	0.99955201148986816,
					"bytes":	1568184,
					"bits_per_second":	12551094.74623589,
					"retransmits":	0,
					"snd_cwnd":	399648,
					"rtt":	311040,
					"rttvar":	3833,
					"pmtu":	1500,
					"omitted":	false,
					"sender":	true
				}],
			"sum":	{
				"start":	1.000993,
				"end":	2.000545,
				"seconds":	0.99955201148986816,
				"bytes":	1568184,
				"bits_per_second":	12551094.74623589,
				"retransmits":	0,
				"omitted":	false,
				"sender":	true
			}
		}, {
			"streams":	[{
					"socket":	5,
					"start":	2.000545,
					"end":	3.000079,
					"seconds":	0.999534010887146,
					"bytes":	12570880,
					"bits_per_second":	100613924.99364854,
					"retransmits":	0,
					"snd_cwnd":	3197184,
					"rtt":	392352,
					"rttvar":	3029,
					"pmtu":	1500,
					"omitted":	false,
					"sender":	true
				}],
			"sum":	{
				"start":	2.000545,
				"end":	3.000079,
				"seconds":	0.999534010887146,
				"bytes":	12570880,
				"bits_per_second":	100613924.99364854,
				"retransmits":	0,
				"omitted":	false,
				"sender":	true
			}
		}, {
			"streams":	[{
					"socket":	5,
					"start":	3.000079,
					"end":	4.000577,
					"seconds":	1.0004980564117432,
					"bytes":	9175040,
					"bits_per_second":	73363780.698633328,
					"retransmits":	0,
					"snd_cwnd":	6843248,
					"rtt":	621220,
					"rttvar":	8088,
					"pmtu":	1500,
					"omitted":	false,
					"sender":	true
				}],
			"sum":	{
				"start":	3.000079,
				"end":	4.000577,
				"seconds":	1.0004980564117432,
				"bytes":	9175040,
				"bits_per_second":	73363780.698633328,
				"retransmits":	0,
				"omitted":	false,
				"sender":	true
			}
		}, {
			"streams":	[{
					"socket":	5,
					"start":	4.000577,
					"end":	5.000238,
					"seconds":	0.99966102838516235,
					"bytes":	10485760,
					"bits_per_second":	83914524.641926214,
					"retransmits":	0,
					"snd_cwnd":	7339912,
					"rtt":	695498,
					"rttvar":	754,
					"pmtu":	1500,
					"omitted":	false,
					"sender":	true
				}],
			"sum":	{
				"start":	4.000577,
				"end":	5.000238,
				"seconds":	0.99966102838516235,
				"bytes":	10485760,
				"bits_per_second":	83914524.641926214,
				"retransmits":	0,
				"omitted":	false,
				"sender":	true
			}
		}, {
			"streams":	[{
					"socket":	5,
					"start":	5.000238,
					"end":	6.000833,
					"seconds":	1.0005949735641479,
					"bytes":	10485760,
					"bits_per_second":	83836199.677473277,
					"retransmits":	0,
					"snd_cwnd":	7881464,
					"rtt":	695650,
					"rttvar":	1881,
					"pmtu":	1500,
					"omitted":	false,
					"sender":	true
				}],
			"sum":	{
				"start":	5.000238,
				"end":	6.000833,
				"seconds":	1.0005949735641479,
				"bytes":	10485760,
				"bits_per_second":	83836199.677473277,
				"retransmits":	0,
				"omitted":	false,
				"sender":	true
			}
		}, {
			"streams":	[{
					"socket":	5,
					"start":	6.000833,
					"end":	7.000252,
					"seconds":	0.99941897392272949,
					"bytes":	9175040,
					"bits_per_second":	73442992.293715432,
					"retransmits":	0,
					"snd_cwnd":	8356408,
					"rtt":	836833,
					"rttvar":	437,
					"pmtu":	1500,
					"omitted":	false,
					"sender":	true
				}],
			"sum":	{
				"start":	6.000833,
				"end":	7.000252,
				"seconds":	0.99941897392272949,
				"bytes":	9175040,
				"bits_per_second":	73442992.293715432,
				"retransmits":	0,
				"omitted":	false,
				"sender":	true
			}
		}, {
			"streams":	[{
					"socket":	5,
					"start":	7.000252,
					"end":	8.000066,
					"seconds":	0.999813973903656,
					"bytes":	10485760,
					"bits_per_second":	83901687.903477356,
					"retransmits":	0,
					"snd_cwnd":	8622840,
					"rtt":	796065,
					"rttvar":	321,
					"pmtu":	1500,
					"omitted":	false,
					"sender":	true
				}],
			"sum":	{
				"start":	7.000252,
				"end":	8.000066,
				"seconds":	0.999813973903656,
				"bytes":	10485760,
				"bits_per_second":	83901687.903477356,
				"retransmits":	0,
				"omitted":	false,
				"sender":	true
			}
		}, {
			"streams":	[{
					"socket":	5,
					"start":	8.000066,
					"end":	9.00045,
					"seconds":	1.0003839731216431,
					"bytes":	11796480,
					"bits_per_second":	94335617.658405572,
					"retransmits":	0,
					"snd_cwnd":	8622840,
					"rtt":	761872,
					"rttvar":	639,
					"pmtu":	1500,
					"omitted":	false,
					"sender":	true
				}],
			"sum":	{
				"start":	8.000066,
				"end":	9.00045,
				"seconds":	1.0003839731216431,
				"bytes":	11796480,
				"bits_per_second":	94335617.658405572,
				"retransmits":	0,
				"omitted":	false,
				"sender":	true
			}
		}, {
			"streams":	[{
					"socket":	5,
					"start":	9.00045,
					"end":	10.00009,
					"seconds":	0.99963998794555664,
					"bytes":	9175040,
					"bits_per_second":	73426754.516744688,
					"retransmits":	0,
					"snd_cwnd":	8622840,
					"rtt":	892292,
					"rttvar":	1259,
					"pmtu":	1500,
					"omitted":	false,
					"sender":	true
				}],
			"sum":	{
				"start":	9.00045,
				"end":	10.00009,
				"seconds":	0.99963998794555664,
				"bytes":	9175040,
				"bits_per_second":	73426754.516744688,
				"retransmits":	0,
				"omitted":	false,
				"sender":	true
			}
		}],
	"end":	{
		"streams":	[{
				"sender":	{
					"socket":	5,
					"start":	0,
					"end":	10.00009,
					"seconds":	10.00009,
					"bytes":	85193064,
					"bits_per_second":	68153837.815459654,
					"retransmits":	0,
					"max_snd_cwnd":	8622840,
					"max_rtt":	892292,
					"min_rtt":	309629,
					"mean_rtt":	631245,
					"sender":	true
				},
				"receiver":	{
					"socket":	5,
					"start":	0,
					"end":	10.811061,
					"seconds":	10.00009,
					"bytes":	82809672,
					"bits_per_second":	61277739.15992149,
					"sender":	true
				}
			}],
		"sum_sent":	{
			"start":	0,
			"end":	10.00009,
			"seconds":	10.00009,
			"bytes":	85193064,
			"bits_per_second":	68153837.815459654,
			"retransmits":	0,
			"sender":	true
		},
		"sum_received":	{
			"start":	0,
			"end":	10.811061,
			"seconds":	10.811061,
			"bytes":	82809672,
			"bits_per_second":	61277739.15992149,
			"sender":	true
		},
		"cpu_utilization_percent":	{
			"host_total":	5.33068461356719,
			"host_user":	0.38732749155698859,
			"host_system":	4.94334843578447,
			"remote_total":	0.66389948994404446,
			"remote_user":	0,
			"remote_system":	0.66389510168646
		},
		"sender_tcp_congestion":	"cubic",
		"receiver_tcp_congestion":	"cubic"
	}
}
